Keyword,Intent,Volume,Keyword Difficulty,CPC (USD),SERP Features
shop script,"Navigational, Transactional",110,24,0.33,"Sitelinks, Video, Video carousel, Knowledge panel, Related searches"
webasyst shop script,"Informational, Transactional",110,37,0.33,"Video, Related searches"
shopping search engine script,"Informational, Transactional",90,8,0.00,"Video, Video carousel, Related searches"
best shopping cart script,Informational,70,8,0.00,"AI Overview, Video, Video carousel, Related searches"
facebook shop script,"Navigational, Transactional",70,11,0.00,"AI Overview, Video, Video carousel, People also ask"
shop script 4,Informational,70,21,0.00,"Video, Video carousel, Related searches"
shopping script,Informational,70,19,0.00,Related searches
shopping script font free,"Informational, Commercial",70,13,0.00,Related searches
webasyst shop script отзывы,Informational,70,8,0.00,"AI Overview, Image, Video"
webasyst shop script скачать,"Navigational, Transactional",70,30,0.00,"Video, Related searches"
шаблоны для shop script free,Informational,70,7,0.00,"Sitelinks, Video, Related searches"
shop script 8,"Informational, Transactional",50,10,0.00,People also ask
shop script 8 nulled,Informational,50,2,0.00,Sitelinks
shop script free download,,40,,0.00,
shop script roblox,,40,,0.00,
affiliate shop script,,30,,0.00,
pretty woman shopping scene script,,30,,0.00,
shop script 7 шаблоны бесплатно,,30,,0.00,
shop script lego,,30,,0.00,
shop script webasyst,,30,,0.00,
shop script темы,,30,,0.00,
установка shop script,,30,,0.00,
http www shop script ru,,20,,0.00,
php shop script,,20,,0.00,
shop script 5,,20,,0.00,
shop script 6,,20,,0.00,
shop script 7 скачать,,20,,0.00,
shop script cms,,20,,0.00,
shop script ru,,20,,0.00,
shop script бесплатно,,20,,0.00,
shop script скачать,,20,,0.00,
shop script установка,,20,,0.00,
shop script форум,,20,,0.00,
shopping script demo,,20,,0.00,
arma 3 shop script,,10,,0.00,
best shopping cart script php,,10,,0.00,
cc shop script,,10,,0.00,
cms shop script,,10,,0.00,
cvv shop script,,10,,0.00,
free php shopping cart script,,10,,0.00,
free shopping cart script,,10,,0.00,
online shop script,,10,,0.00,
php shop script free,,10,,0.00,
script shop,,10,,0.00,
script shopping online,,10,,0.00,
shop script 1c,,10,,0.00,
shop script 5 nulled,,10,,0.00,
shop script 5 скачать,,10,,0.00,
shop script 7,,10,,0.00,
shop script 7 nulled,,10,,0.00,
shop script 7 отзывы,,10,,0.00,
shop script 8 скачать,,10,,0.00,
shop script demo,,10,,0.00,
shop script download,,10,,0.00,
shop script free,,10,,0.00,
shop script free шаблоны,,10,,0.00,
shop script nulled,,10,,0.00,
shop script php,,10,,0.00,
shop script premium,,10,,0.00,
shop script ru отзывы,,10,,0.00,
shop script документация,,10,,0.00,
shop script купить,,10,,0.00,
shop script отзывы,,10,,0.00,
shop script плагины,,10,,0.00,
shop script скачать бесплатно,,10,,0.00,
shop script шаблоны,,10,,0.00,
shop script шаблоны бесплатно,,10,,0.00,
shop script шаблоны скачать,,10,,0.00,
shopping cart php script,,10,,0.00,
shopping cart script,,10,,0.00,
shopping script font,,10,,0.00,
shopping script font free download,,10,,0.00,
shopping script font tattoo,,10,,0.00,
webasyst shop script 5,,10,,0.00,
webasyst shop script 7,,10,,0.00,
webasyst shop script 8,,10,,0.00,
webasyst shop script nulled,,10,,0.00,
webasyst shop script скачать бесплатно,,10,,0.00,
webasyst shop script шаблоны,,10,,0.00,
интернет магазин на shop script,,10,,0.00,
купить shop script,,10,,0.00,
магазины на shop script,,10,,0.00,
промо код shop script,,10,,0.00,
скачать shop script,,10,,0.00,
шаблоны webasyst shop script,,10,,0.00,
шаблоны для shop script,,10,,0.00,
1c shop-script,,0,,0.00,
1с unimodule cms1c.ru full для shop-script,,0,,0.00,
1с база данных синхронизация с shop script,,0,,0.00,
2 страны shop script,,0,,0.00,
5.4-with-xcache shop script,,0,,0.00,
502 bad gateway shop script,,0,,0.00,
7.shop-script ru,,0,,0.00,
addons sourcemod scripting shop item_manager.sp itemmanager_onitemregistered,,0,,0.00,
ajax php mysql shopping cart script,,0,,0.00,
ajax_block script shop,,0,,0.00,
archie andrews radio script christmas shopping,,0,,0.00,
ark survival evolved shop script,,0,,0.00,
arma 3 gun shop script,,0,,0.00,
arma 3 vehicle shop script,,0,,0.00,
arma 3 weapon shop script,,0,,0.00,
array shop script,,0,,0.00,
array shop script пишет,,0,,0.00,
array shop script пишет наименование артикула,,0,,0.00,
best online shopping cart php script,,0,,0.00,
bh shop script,,0,,0.00,
bitcoin shop script,,0,,0.00,
bitrix24 shop script не выполняется,,0,,0.00,
boxberry shop-script,,0,,0.00,
cache http www.shop-script.ru stories,,0,,0.00,
cannot write to cache file shop script,,0,,0.00,
cash-script.ru shop-script,,0,,0.00,
cktntkf cnhfybwf htubcnhfwbb shop script,,0,,0.00,
content downloader shop-script,,0,,0.00,
count array shop script,,0,,0.00,
cpt_category_tree shop script,,0,,0.00,
crm shop-script,,0,,0.00,
cyanide and happiness ghost shops script,,0,,0.00,
description в shop script без кавычек,,0,,0.00,
djqnb shop-script 7,,0,,0.00,
download script online shop,,0,,0.00,
driveback shop script,,0,,0.00,
dumps shop script now,,0,,0.00,
dynamic place script shop,,0,,0.00,
easylanding shop-script,,0,,0.00,
easysite скачать shop-script,,0,,0.00,
else if shop script,,0,,0.00,
favicon shop script,,0,,0.00,
favicon сайта shop-script,,0,,0.00,
free multimagazina script multi shop,,0,,0.00,
free script online shop,,0,,0.00,
free simple php shopping cart script,,0,,0.00,
friends script alright let's go shopping,,0,,0.00,
friends script rachel alright let's go shopping,,0,,0.00,
friends script rachel hi let's go shopping,,0,,0.00,
friends script rachel you went shopping for fur,,0,,0.00,
frinds script alright let's go shopping,,0,,0.00,
garry's mod lua scripts shop,,0,,0.00,
ghj ktvf d smarty 3 shop script,,0,,0.00,
ghjvjrjl shop script,,0,,0.00,
gjbcr gj gjregntkzv shop script,,0,,0.00,
gmod scripts shop,,0,,0.00,
grastin shop-script,,0,,0.00,
gthtytcnb cfqn yf shop script 8,,0,,0.00,
h1 заголовок в shop script 7,,0,,0.00,
http error 500 shop-script,,0,,0.00,
http www.shop-script.ru platform changelog,,0,,0.00,
https www.shop-script.ru настройка вида корзины мы принмаем,,0,,0.00,
iframe shop script,,0,,0.00,
iframe shop script 7,,0,,0.00,
iml калькулятор shop script,,0,,0.00,
info http xiaomi.shop assets shop scripts controls sh,,0,,0.00,
instagram для shop-script,,0,,0.00,
instagram для shop-script скачать бесплатно,,0,,0.00,
jib rf d nbgs b fhfrnthbcnbrb njdfhjd shop script,,0,,0.00,
js shopping cart script,,0,,0.00,
link script-shop.ru,,0,,0.00,
liqpay плагины shop script,,0,,0.00,
little shop of horrors musical script pdf,,0,,0.00,
magnificpopup script shop ajax,,0,,0.00,
mail_message send shop script,,0,,0.00,
mcv shop script,,0,,0.00,
mcv shop script model class,,0,,0.00,
mcv shop script модель контроллер,,0,,0.00,
mobile shop script,,0,,0.00,
next smartycompilerexception with message syntax error in template shop script,,0,,0.00,
online shopping cart script,,0,,0.00,
opencart shop-script,,0,,0.00,
opencart to shop script,,0,,0.00,
opencart vs shop-script,,0,,0.00,
pawn shop intro script,,0,,0.00,
pawn shop sales script,,0,,0.00,
payonline shop-script,,0,,0.00,
php shopping cart script and design,,0,,0.00,
php shopping cart script free download,,0,,0.00,
php shopping cart script tutorial,,0,,0.00,
php-fpm конфиг для shop-script,,0,,0.00,
pocket lists как установить shop script,,0,,0.00,
pricevaliduntil в shop script 7,,0,,0.00,
radyshop shop script,,0,,0.00,
re plain как настроить для shop-script,,0,,0.00,
readyshop shop script,,0,,0.00,
related script-shop.ru,,0,,0.00,
repair shop manager php script,,0,,0.00,
repair shop manager script,,0,,0.00,
repair shop script,,0,,0.00,
rfhnbyrf rfntujhbb shop script,,0,,0.00,
rfr bvgjhnbhjdfnm fhfrnthbcnbrb njdfhjd shop script,,0,,0.00,
rfr pfqnb yf rtyl shop script 7,,0,,0.00,
robots.txt для shop script,,0,,0.00,
robots.txt для shop script 7,,0,,0.00,
sape shop script,,0,,0.00,
sape на shop script,,0,,0.00,
script aplikasi online shop,,0,,0.00,
script fps game online shop,,0,,0.00,
script online shop free,,0,,0.00,
script online shop gratis,,0,,0.00,
script online shop html,,0,,0.00,
script paul let's make a shopping list what do we,,0,,0.00,
script php online shop,,0,,0.00,
script shop 7 данные заказчика,,0,,0.00,
script shop 7 получить данные заказчика,,0,,0.00,
script shop ajax 403,,0,,0.00,
script shop ajax block,,0,,0.00,
script shop ajax form,,0,,0.00,
script shop ajax форма,,0,,0.00,
script shop ajaxs форма,,0,,0.00,
script shop checkout,,0,,0.00,
script shop checkout data model,,0,,0.00,
script shop checkout datamodel,,0,,0.00,
script shop get page 403,,0,,0.00,
script shop get page 403 ajax,,0,,0.00,
script shop kbxysq rf bytn,,0,,0.00,
script shop poup form,,0,,0.00,
script shop запрет регистрации,,0,,0.00,
script shop личный кабинет,,0,,0.00,
script shop обновить с 4 на 7,,0,,0.00,
script shop редактировать страницу контакты,,0,,0.00,
script shop создание личного кабинета,,0,,0.00,
script shop создание страниц,,0,,0.00,
script shopping anderson,,0,,0.00,
script web online shop,,0,,0.00,
script web shop,,0,,0.00,
script website online shop,,0,,0.00,
secrets of shopping secrets of a stylist script,,0,,0.00,
send message shop script,,0,,0.00,
send shop script,,0,,0.00,
shell shop script,,0,,0.00,
shop gui script roblox,,0,,0.00,
shop php script free,,0,,0.00,
shop script 1.5,,0,,0.00,
shop script 1.5 почта,,0,,0.00,
shop script 1c example,,0,,0.00,
shop script 1c битрикс,,0,,0.00,
shop script 1c ьитрикс,,0,,0.00,
shop script 1с commerceml проблемы,,0,,0.00,
shop script 4 theme files,,0,,0.00,
shop script 4 где файлы темы,,0,,0.00,
shop script 404 страница не найдена на главной,,0,,0.00,
shop script 5 где обрабатывается заказ,,0,,0.00,
shop script 5 кнопка оформить заказ,,0,,0.00,
shop script 5 отзывы,,0,,0.00,
shop script 5 шаблоны,,0,,0.00,
shop script 5 шаблоны бесплатно,,0,,0.00,
shop script 6 nulled,,0,,0.00,
shop script 6 скачать бесплатно,,0,,0.00,
shop script 6 требования,,0,,0.00,
shop script 6 шаблоны бесплатно,,0,,0.00,
shop script 7 crfxfnm,,0,,0.00,
shop script 7 demo,,0,,0.00,
shop script 7 iptocity,,0,,0.00,
shop script 7 nbg fhfrnthbcnbrb dtc,,0,,0.00,
shop script 7 валюта знак,,0,,0.00,
shop script 7 вкладка в фронтенде,,0,,0.00,
shop script 7 вкладка во фронт,,0,,0.00,
shop script 7 для разработчиков,,0,,0.00,
shop script 7 и php7,,0,,0.00,
shop script 7 и битрикс 24,,0,,0.00,
shop script 7 идут ли плагины в комплекте с темами,,0,,0.00,
shop script 7 как изменить расположение фильтра,,0,,0.00,
shop script 7 купить,,0,,0.00,
shop script 7 магазины,,0,,0.00,
shop script 7 мультимагазин,,0,,0.00,
shop script 7 мультиязычность,,0,,0.00,
shop script 7 название услуги в печатной форме,,0,,0.00,
shop script 7 название услуги в шаблоне,,0,,0.00,
shop script 7 наименование услуги в печатной форме,,0,,0.00,
shop script 7 новые поля для профиля,,0,,0.00,
shop script 7 образец,,0,,0.00,
shop script 7 отправка почты,,0,,0.00,
shop script 7 палгины в комплекте с темами,,0,,0.00,
shop script 7 перенос на другой хостинг,,0,,0.00,
shop script 7 плагины,,0,,0.00,
shop script 7 примеры,,0,,0.00,
shop script 7 скачать бесплатно,,0,,0.00,
shop script 7 тип характеристики вес,,0,,0.00,
shop script 7 форма обратной связи,,0,,0.00,
shop script 7 шаблоны,,0,,0.00,
shop script 7 шпаргалка,,0,,0.00,
shop script 7 шпаргалка в печатной форме,,0,,0.00,
shop script 7 шпаргалка услуга к товару,,0,,0.00,
shop script 7 это,,0,,0.00,
shop script 7.4.5.243,,0,,0.00,
shop script 8 jnpsds,,0,,0.00,
shop script 8 корзина,,0,,0.00,
shop script 8 обновление,,0,,0.00,
shop script 8 отзывы,,0,,0.00,
shop script 8 отправка почты,,0,,0.00,
shop script 8 скачать шаблон,,0,,0.00,
shop script 8 уже доступен для установки,,0,,0.00,
shop script 8 установка,,0,,0.00,
shop script actions,,0,,0.00,
shop script ajax загрузка страниц,,0,,0.00,
shop script ajax отправка формы,,0,,0.00,
shop script and mailer,,0,,0.00,
shop script android,,0,,0.00,
shop script api,,0,,0.00,
shop script approved,,0,,0.00,
shop script base patch,,0,,0.00,
shop script boomerang ссылка в слайде,,0,,0.00,
shop script boxberry,,0,,0.00,
shop script canonical,,0,,0.00,
shop script canonical пагинации,,0,,0.00,
shop script cart_total,,0,,0.00,
shop script chmod,,0,,0.00,
shop script ckfqlth,,0,,0.00,
shop script cloud,,0,,0.00,
shop script comment approved,,0,,0.00,
shop script comment status approved,,0,,0.00,
shop script contact,,0,,0.00,
shop script cookie,,0,,0.00,
shop script currency,,0,,0.00,
shop script currency из блога,,0,,0.00,
shop script currency.php,,0,,0.00,
shop script customer class,,0,,0.00,
shop script document root,,0,,0.00,
shop script document root webasist,,0,,0.00,
shop script e hfnm r'ibhjdfybt,,0,,0.00,
shop script easysale слайдер промо-товары,,0,,0.00,
shop script ecnfyjdbnm dctv njdfhjd fhfrnthbncnbre,,0,,0.00,
shop script epica,,0,,0.00,
shop script facebook,,0,,0.00,
shop script forbidden,,0,,0.00,
shop script form html,,0,,0.00,
shop script fдминка,,0,,0.00,
shop script getpasswordhash,,0,,0.00,
shop script github,,0,,0.00,
shop script habrahabr,,0,,0.00,
shop script hooks,,0,,0.00,
shop script id контакта,,0,,0.00,
shop script import-products-from-csv,,0,,0.00,
shop script ip address,,0,,0.00,
shop script j pjh,,0,,0.00,
shop script jnrfnbnm lj yfxfkf,,0,,0.00,
shop script jquery ajax,,0,,0.00,
shop script jquery.ajax url,,0,,0.00,
shop script key words,,0,,0.00,
shop script lego edition копирайт,,0,,0.00,
shop script localstorage,,0,,0.00,
shop script logo,,0,,0.00,
shop script mobile,,0,,0.00,
shop script model class,,0,,0.00,
shop script multishop,,0,,0.00,
shop script nginx,,0,,0.00,
shop script og,,0,,0.00,
shop script pagespeed insights,,0,,0.00,
shop script payments.php,,0,,0.00,
shop script php mail не работает,,0,,0.00,
shop script php.log,,0,,0.00,
shop script pickpoint,,0,,0.00,
shop script plugin profiles,,0,,0.00,
shop script plugin settings,,0,,0.00,
shop script plugin settings profile,,0,,0.00,
shop script plugin.php profiles,,0,,0.00,
shop script product,,0,,0.00,
shop script product price class,,0,,0.00,
shop script product.curency,,0,,0.00,
shop script product.price,,0,,0.00,
shop script reviews,,0,,0.00,
shop script revolution slider,,0,,0.00,
shop script rfr dsdtcnb rjl сессии,,0,,0.00,
shop script robots.txt sitemap,,0,,0.00,
shop script robots.txt карта сайта,,0,,0.00,
shop script ru плагины,,0,,0.00,
shop script sendbuymeemail,,0,,0.00,
shop script sendemail получатель,,0,,0.00,
shop script seo,,0,,0.00,
shop script seo насстройки категорий,,0,,0.00,
shop script seo насстройки категорий как редактировать,,0,,0.00,
shop script session,,0,,0.00,
shop script session.gc_maxlifetime,,0,,0.00,
shop script setcookie,,0,,0.00,
shop script shop_checkout_flow,,0,,0.00,
shop script shop_currency,,0,,0.00,
shop script shop_currency из блога,,0,,0.00,
shop script shop_product_skus count,,0,,0.00,
shop script site custom not found,,0,,0.00,
shop script sitemap,,0,,0.00,
shop script sitemap хук,,0,,0.00,
shop script smart filters,,0,,0.00,
shop script sms документация,,0,,0.00,
shop script succes,,0,,0.00,
shop script succes не показывается,,0,,0.00,
shop script supreme menu,,0,,0.00,
shop script supreme menu функция,,0,,0.00,
shop script title категории,,0,,0.00,
shop script ui-autocomplete,,0,,0.00,
shop script url путь,,0,,0.00,
shop script v 5 7,,0,,0.00,
shop script vs okay cms,,0,,0.00,
shop script wa session key,,0,,0.00,
shop script wa user getphoto,,0,,0.00,
shop script webasyst отзывы для интернет магазина,,0,,0.00,
shop script xhm валидатор,,0,,0.00,
shop script yandex turbo,,0,,0.00,
shop script yml-файл,,0,,0.00,
shop script админк,,0,,0.00,
shop script админка,,0,,0.00,
shop script аналог стены,,0,,0.00,
shop script артикул количество на складе,,0,,0.00,
shop script блог комментарии,,0,,0.00,
shop script блог стена,,0,,0.00,
shop script брошенная корзина,,0,,0.00,
shop script брошенные корзины,,0,,0.00,
shop script в облаке,,0,,0.00,
shop script варианты покупки характеристики,,0,,0.00,
shop script весь каталог,,0,,0.00,
shop script виртуальный склад,,0,,0.00,
shop script витрины,,0,,0.00,
shop script включить комментарии,,0,,0.00,
shop script включить отзывы к товарам,,0,,0.00,
shop script включить фильтры,,0,,0.00,
shop script время доставки от склада,,0,,0.00,
shop script время хранения товара в корзине,,0,,0.00,
shop script всплывающая форма,,0,,0.00,
shop script выбор артикулы,,0,,0.00,
shop script выбор параметров в карточке товара,,0,,0.00,
shop script вывести бренды,,0,,0.00,
shop script вывести все артикулы в категории,,0,,0.00,
shop script где обрабатывается заказ,,0,,0.00,
shop script гипермаркет,,0,,0.00,
shop script главное меню,,0,,0.00,
shop script главное меню домен,,0,,0.00,
shop script горизонтальное меню,,0,,0.00,
shop script дата и время доставки в админке,,0,,0.00,
shop script движок,,0,,0.00,
shop script для разработчиков,,0,,0.00,
shop script добавить javascript,,0,,0.00,
shop script добавить ссылку на слайдер,,0,,0.00,
shop script добавить товары,,0,,0.00,
shop script документация для разработчиков,,0,,0.00,
shop script доставка,,0,,0.00,
shop script дубливароние характеристик,,0,,0.00,
shop script дубливароние характеристик на товары,,0,,0.00,
shop script загрузка товаров csv,,0,,0.00,
shop script загрузка товаров через excel,,0,,0.00,
shop script задать куки,,0,,0.00,
shop script заказ,,0,,0.00,
shop script знак валюты,,0,,0.00,
shop script значение характеристики по умолчанию,,0,,0.00,
shop script значения характеристик для артикулов,,0,,0.00,
shop script зрз,,0,,0.00,
shop script и 1c синхронизация нескольких складов,,0,,0.00,
shop script избыточное описание товаров на одной строке файла,,0,,0.00,
shop script изменение расположения каталога,,0,,0.00,
shop script изменить цену при импорте,,0,,0.00,
shop script изменить цену у группы товаров,,0,,0.00,
shop script изображение для артикула,,0,,0.00,
shop script или netcat,,0,,0.00,
shop script или opencart,,0,,0.00,
shop script или umi,,0,,0.00,
shop script импорт заменить ссылки на витрину,,0,,0.00,
shop script импорт изображений,,0,,0.00,
shop script импорт столбец идентификации пуст,,0,,0.00,
shop script имя приложения,,0,,0.00,
shop script инструкция магазин,,0,,0.00,
shop script используйте кеш браузера,,0,,0.00,
shop script как включить отзывы,,0,,0.00,
shop script как входить в админку,,0,,0.00,
shop script как добавить покупателей в категорию,,0,,0.00,
shop script как добавить список покупателей в группу контаков,,0,,0.00,
shop script как добавить список покупателей в группу контактов,,0,,0.00,
shop script как изменить порядок сортировки товаров по всем категориям,,0,,0.00,
shop script как изменить расположение фильтра,,0,,0.00,
shop script как использовать хелпер,,0,,0.00,
shop script как объединить заказы,,0,,0.00,
shop script как очитсить кэш,,0,,0.00,
shop script как получить идентификатор сессии,,0,,0.00,
shop script как получить количество на складе для артикула,,0,,0.00,
shop script как поментяь цены,,0,,0.00,
shop script как поменять часы работы,,0,,0.00,
shop script как поставить хелпер плагина подписчики,,0,,0.00,
shop script как проверить есть ли фото пользователя,,0,,0.00,
shop script как работать,,0,,0.00,
shop script как сделать подобие стены,,0,,0.00,
shop script как сделать стену,,0,,0.00,
shop script как сослаться на wa,,0,,0.00,
shop script как узнать версию,,0,,0.00,
shop script как установить,,0,,0.00,
shop script как формируется код code корзины,,0,,0.00,
shop script как формируется код корзины,,0,,0.00,
shop script как экспортировать только отображаемые товары,,0,,0.00,
shop script карта сайта,,0,,0.00,
shop script картинка в категории,,0,,0.00,
shop script кат,,0,,0.00,
shop script кликабельный слайдер,,0,,0.00,
shop script кнопка оформить заказ,,0,,0.00,
shop script копирование характеристик товаров,,0,,0.00,
shop script краткое и полное описание,,0,,0.00,
shop script куда вставить хелпер,,0,,0.00,
shop script купить бесплатно,,0,,0.00,
shop script купить в один клик,,0,,0.00,
shop script лицензия,,0,,0.00,
shop script личный кабинет,,0,,0.00,
shop script локализация,,0,,0.00,
shop script локальное хранилище,,0,,0.00,
shop script массовая выгрузка фото,,0,,0.00,
shop script массовая регистрация,,0,,0.00,
shop script массовая регистрация пользователей,,0,,0.00,
shop script минимальная стоимость заказа,,0,,0.00,
shop script мобильные приложения,,0,,0.00,
shop script модерация отзывов,,0,,0.00,
shop script на localhost,,0,,0.00,
shop script настроить поиск по id,,0,,0.00,
shop script настройка,,0,,0.00,
shop script настройка количества товаров,,0,,0.00,
shop script настройка количества товаров в админке,,0,,0.00,
shop script настройка фильтр товаров,,0,,0.00,
shop script настройки авторизации,,0,,0.00,
shop script настройки авторизации обязательные поля,,0,,0.00,
shop script не выполняется скрипт bitrix24,,0,,0.00,
shop script не выполняется скрипт битрикса,,0,,0.00,
shop script не отображается после обновления,,0,,0.00,
shop script не отправляются письма,,0,,0.00,
shop script не показывает номер заказа,,0,,0.00,
shop script не работает вкладка фотографии,,0,,0.00,
shop script не работает на локальном хостинге,,0,,0.00,
shop script не работает слайдер промо-товары,,0,,0.00,
shop script не работают два js одновременно,,0,,0.00,
shop script неподдерживаемая структура csv-файла,,0,,0.00,
shop script неправильные ссылки на картинки,,0,,0.00,
shop script несколько сайтов,,0,,0.00,
shop script новое поле в форме регистрации,,0,,0.00,
shop script обзор,,0,,0.00,
shop script обзор отзывы характеристики,,0,,0.00,
shop script обойти покупку,,0,,0.00,
shop script обработка персональных данных,,0,,0.00,
shop script обратная связь,,0,,0.00,
shop script обучение,,0,,0.00,
shop script обьединение двух базз данных учд,,0,,0.00,
shop script описание,,0,,0.00,
shop script описание товара,,0,,0.00,
shop script оптовые заказы,,0,,0.00,
shop script остатки завести,,0,,0.00,
shop script отзывы status approved по умолчанию,,0,,0.00,
shop script отзывы контроллер,,0,,0.00,
shop script отображать два товара,,0,,0.00,
shop script отправка почты,,0,,0.00,
shop script очистить кэш,,0,,0.00,
shop script очистка кэша,,0,,0.00,
shop script ошибка 144,,0,,0.00,
shop script перевод на русский,,0,,0.00,
shop script перейти в режим техобслуживания,,0,,0.00,
shop script переменная корзины,,0,,0.00,
shop script переместить фильтр,,0,,0.00,
shop script перемнные в описании,,0,,0.00,
shop script перенос из корзины в заказ,,0,,0.00,
shop script перенос строки в письме,,0,,0.00,
shop script перестала работать вкладка фотографии,,0,,0.00,
shop script переход на 8,,0,,0.00,
shop script плагин самовывоз где в базе,,0,,0.00,
shop script плагин скидка от суммы,,0,,0.00,
shop script плюсы и минусы,,0,,0.00,
shop script под нагрузкой,,0,,0.00,
shop script поддержка,,0,,0.00,
shop script подключение google analytics,,0,,0.00,
shop script поиск во всех товарах,,0,,0.00,
shop script поиск по покупателям,,0,,0.00,
shop script поиск по покупателям купившим товары,,0,,0.00,
shop script поиск товаров статус,,0,,0.00,
shop script показывать количество остатков,,0,,0.00,
shop script поле http ogp.me ns image отсутствует или пусто,,0,,0.00,
shop script получить ip address,,0,,0.00,
shop script получить имя товара,,0,,0.00,
shop script получить количество на складе для артикула,,0,,0.00,
shop script получить логотип сайта в php,,0,,0.00,
shop script поля в профиле пользователя,,0,,0.00,
shop script поменять дизацн,,0,,0.00,
shop script поменять цену у группы товаров,,0,,0.00,
shop script похожие товары,,0,,0.00,
shop script почта на свем домене,,0,,0.00,
shop script права на папки,,0,,0.00,
shop script при импорте нет изображений товаров,,0,,0.00,
shop script при нажатии кнопки оформить заказ,,0,,0.00,
shop script привязать домен,,0,,0.00,
shop script прикрепить файл к товару,,0,,0.00,
shop script приложения,,0,,0.00,
shop script пример разработки плагина,,0,,0.00,
shop script примеры сайтов,,0,,0.00,
shop script проверить права на файлы,,0,,0.00,
shop script проверка,,0,,0.00,
shop script проверка отправки почты,,0,,0.00,
shop script произвольные поля,,0,,0.00,
shop script промокод,,0,,0.00,
shop script пропали изменения после обновления,,0,,0.00,
shop script пропали изменние после обновления,,0,,0.00,
shop script прописать 404 ошибка,,0,,0.00,
shop script профиль пользователя дополнительные поля,,0,,0.00,
shop script пустая страница,,0,,0.00,
shop script регион клиента,,0,,0.00,
shop script регион посетителя,,0,,0.00,
shop script регион при регистрации посетителя,,0,,0.00,
shop script рекомендации,,0,,0.00,
shop script рекомендуемые товары,,0,,0.00,
shop script сдек не показывает доставку,,0,,0.00,
shop script сдек недоступно,,0,,0.00,
shop script сделать 2 товара в 1 карточке,,0,,0.00,
shop script сделать аналог товара,,0,,0.00,
shop script сдэк не показывает доставку,,0,,0.00,
shop script сдэк перестал работать,,0,,0.00,
shop script сегодня,,0,,0.00,
shop script сегодня не работает,,0,,0.00,
shop script сервисный центр,,0,,0.00,
shop script сессия,,0,,0.00,
shop script синзронизация с 1c базой,,0,,0.00,
shop script синхронизация с 1с базой,,0,,0.00,
shop script скорость работы,,0,,0.00,
shop script создание шаблона,,0,,0.00,
shop script сортировка по нажатию кнопки,,0,,0.00,
shop script сортировка товаров,,0,,0.00,
shop script сравнение,,0,,0.00,
shop script срок доставки в зависимости от склада,,0,,0.00,
shop script срок доставки от склада,,0,,0.00,
shop script ссылка на артикул,,0,,0.00,
shop script ссылка на артикул в карточке,,0,,0.00,
shop script стоимость,,0,,0.00,
shop script страница контактов,,0,,0.00,
shop script структура устройство,,0,,0.00,
shop script тарифы,,0,,0.00,
shop script телефон клиента,,0,,0.00,
shop script типы цен для контрагентов,,0,,0.00,
shop script товары под заказ,,0,,0.00,
shop script тормозит оформление заказа,,0,,0.00,
shop script убрать wa apps,,0,,0.00,
shop script убрать приложения из меню,,0,,0.00,
shop script уведомление о регистрации регистрации,,0,,0.00,
shop script удалить характеристику,,0,,0.00,
shop script удвоение заказа,,0,,0.00,
shop script услове на какой странице,,0,,0.00,
shop script установить плагин,,0,,0.00,
shop script установить плагин в ручную,,0,,0.00,
shop script установка denver,,0,,0.00,
shop script установка на сервер,,0,,0.00,
shop script фавикон сайта,,0,,0.00,
shop script файлы мобильной версии,,0,,0.00,
shop script фильтр товаров,,0,,0.00,
shop script фильтрация отзывов,,0,,0.00,
shop script фильтрация товаров,,0,,0.00,
shop script форма уведомления,,0,,0.00,
shop script фото пользователя,,0,,0.00,
shop script фриланс,,0,,0.00,
shop script характеристика,,0,,0.00,
shop script характеристики,,0,,0.00,
shop script характеристики артикула,,0,,0.00,
shop script характеристики артикула в категории,,0,,0.00,
shop script характеристики товара,,0,,0.00,
shop script хуки,,0,,0.00,
shop script цена,,0,,0.00,
shop script цена продукта,,0,,0.00,
shop script черный фон товара,,0,,0.00,
shop script что такое код корзины code,,0,,0.00,
shop script что это,,0,,0.00,
shop script шаблон метатегов,,0,,0.00,
shop script экспорт имопрт,,0,,0.00,
shop script экспорт импорт,,0,,0.00,
shop script экспорт только видимых товаров,,0,,0.00,
shop script это,,0,,0.00,
shop script яндекс касса,,0,,0.00,
shop script яндекс маркет,,0,,0.00,
shop script яндексс маркет не выгружаются характиристики,,0,,0.00,
shop-script 3d фото,,0,,0.00,
shop-script 4 цвет фона в окне редактора,,0,,0.00,
shop-script 5 rjynfrn,,0,,0.00,
shop-script 5 в контакте,,0,,0.00,
shop-script 6 nulled скачать,,0,,0.00,
shop-script 7 nulled скачать,,0,,0.00,
shop-script 7 security_settings,,0,,0.00,
shop-script 7 битрикс24,,0,,0.00,
shop-script 7 в контакте,,0,,0.00,
shop-script 7 и 1с,,0,,0.00,
shop-script 7 импорт товара,,0,,0.00,
shop-script 7 интеграция,,0,,0.00,
shop-script 7 мобильное приложение,,0,,0.00,
shop-script 7 на mac,,0,,0.00,
shop-script 7 обзор,,0,,0.00,
shop-script 7 плагины для описанию товара,,0,,0.00,
shop-script 7 плагины для описания товара,,0,,0.00,
shop-script 7 ставка ндс,,0,,0.00,
shop-script 7 установка,,0,,0.00,
shop-script 7.2.13.140,,0,,0.00,
shop-script 8 nulled,,0,,0.00,
shop-script 8 отзывы,,0,,0.00,
shop-script admin,,0,,0.00,
shop-script admin подтверждение заказа,,0,,0.00,
shop-script ajax update total,,0,,0.00,
shop-script ajax форма,,0,,0.00,
shop-script bb ff,,0,,0.00,
shop-script bytuhfwbz 1c,,0,,0.00,
shop-script crack,,0,,0.00,
shop-script cron,,0,,0.00,
shop-script e-mail,,0,,0.00,
shop-script e-mail для домена,,0,,0.00,
shop-script foreach,,0,,0.00,
shop-script free favicon,,0,,0.00,
shop-script frontend cart hook,,0,,0.00,
shop-script gitignore,,0,,0.00,
shop-script globals,,0,,0.00,
shop-script htltfrnbhjdfnm vty,,0,,0.00,
shop-script if category,,0,,0.00,
shop-script jnpsds,,0,,0.00,
shop-script last-modified,,0,,0.00,
shop-script logo,,0,,0.00,
shop-script onpay,,0,,0.00,
shop-script order name,,0,,0.00,
shop-script php tags,,0,,0.00,
shop-script pop up,,0,,0.00,
shop-script popup как сделать,,0,,0.00,
shop-script poup форма,,0,,0.00,
shop-script premium 1.24 вывод категорий третьего уровня на главной,,0,,0.00,
shop-script premium 1.24 как вытянуть категории третьего уровня на главную,,0,,0.00,
shop-script redirect,,0,,0.00,
shop-script robots,,0,,0.00,
shop-script rss,,0,,0.00,
shop-script samarty php,,0,,0.00,
shop-script security_settings,,0,,0.00,
shop-script seo,,0,,0.00,
shop-script shop custom class not found,,0,,0.00,
shop-script sitemap,,0,,0.00,
shop-script sitemap ult dpynm,,0,,0.00,
shop-script sitemap где найти,,0,,0.00,
shop-script smarti php tags,,0,,0.00,
shop-script smarty php,,0,,0.00,
shop-script smarty php tags,,0,,0.00,
shop-script tilda,,0,,0.00,
shop-script vs opencart,,0,,0.00,
shop-script webasyst цель метрика оформление заказа,,0,,0.00,
shop-script xls,,0,,0.00,
shop-script анатация,,0,,0.00,
shop-script аннотация,,0,,0.00,
shop-script аннотация сайта,,0,,0.00,
shop-script база знаний,,0,,0.00,
shop-script видеоурок,,0,,0.00,
shop-script восстановить удаленную категорию,,0,,0.00,
shop-script вход в админку,,0,,0.00,
shop-script выбор города,,0,,0.00,
shop-script выбор города покупателя,,0,,0.00,
shop-script выпадающее меню,,0,,0.00,
shop-script выполнение php-кода в теме,,0,,0.00,
shop-script где найти счета,,0,,0.00,
shop-script движок,,0,,0.00,
shop-script для продажы ключей игры,,0,,0.00,
shop-script для разработчиков,,0,,0.00,
shop-script добавить http заголовки,,0,,0.00,
shop-script добавить заголовки,,0,,0.00,
shop-script добавить изображение в описание товара,,0,,0.00,
shop-script доступ в панель,,0,,0.00,
shop-script заказать обратный звонок,,0,,0.00,
shop-script и shop-script 8 разница,,0,,0.00,
shop-script и большое количество поддоменов,,0,,0.00,
shop-script и мое дело,,0,,0.00,
shop-script идентификатор списка промо-товаров,,0,,0.00,
shop-script иконки поселений,,0,,0.00,
shop-script или opencart,,0,,0.00,
shop-script имя клиента в смс,,0,,0.00,
shop-script интеграция 1с,,0,,0.00,
shop-script интеграция бизнес ру,,0,,0.00,
shop-script исчезло поле с именем и телефоном покупателя,,0,,0.00,
shop-script как добавить css к описанию товара,,0,,0.00,
shop-script как добавить css файл к описанию товара,,0,,0.00,
shop-script как добавить html страницу к описанию товара,,0,,0.00,
shop-script как добавить прямые ссылки в шаблрн,,0,,0.00,
shop-script как добавить свою красивую страницу к описанию товара,,0,,0.00,
shop-script как добавить страницу к описанию товара,,0,,0.00,
shop-script как изменить css файл к описанию товара,,0,,0.00,
shop-script как изменить описанию товара,,0,,0.00,
shop-script как импортировать товар,,0,,0.00,
shop-script как менеджеру создать личный кабинет клиенту,,0,,0.00,
shop-script как поставить iframe,,0,,0.00,
shop-script как сделать одностраничник,,0,,0.00,
shop-script как установить код пикселя facebook,,0,,0.00,
shop-script кибер понедельник,,0,,0.00,
shop-script комплектация товара,,0,,0.00,
shop-script копия интернет-магазина,,0,,0.00,
shop-script крутой магазин,,0,,0.00,
shop-script кутой магазин,,0,,0.00,
shop-script лицензия,,0,,0.00,
shop-script магазин страницы выпадающее меню,,0,,0.00,
shop-script массовая загрузка фото,,0,,0.00,
shop-script массово удалить все фотографии,,0,,0.00,
shop-script массовый импорт изображений,,0,,0.00,
shop-script меню категорий,,0,,0.00,
shop-script много поддоменов,,0,,0.00,
shop-script мобильное приложение,,0,,0.00,
shop-script настройка промо карточек,,0,,0.00,
shop-script не появляется способ оплаты,,0,,0.00,
shop-script недостатки,,0,,0.00,
shop-script обзор,,0,,0.00,
shop-script облачная касса,,0,,0.00,
shop-script обучение,,0,,0.00,
shop-script одностраничиник,,0,,0.00,
shop-script одностраничник,,0,,0.00,
shop-script оптовый интернет магазин,,0,,0.00,
shop-script отключить ненужные области,,0,,0.00,
shop-script отключить ненужные регионы,,0,,0.00,
shop-script отменить удаление категории,,0,,0.00,
shop-script ошибки после переноса с хостинга на vps,,0,,0.00,
shop-script парсинг,,0,,0.00,
shop-script партнерская,,0,,0.00,
shop-script передать список товаров,,0,,0.00,
shop-script перенос 404,,0,,0.00,
shop-script плагин,,0,,0.00,
shop-script плагин 1с,,0,,0.00,
shop-script плагин 1с ндс,,0,,0.00,
shop-script плагин категории,,0,,0.00,
shop-script плагин недавно просмотренные товары,,0,,0.00,
shop-script плагин параметр,,0,,0.00,
shop-script плитка услуг,,0,,0.00,
shop-script поддомены,,0,,0.00,
shop-script показывать только на категории,,0,,0.00,
shop-script преимущества и недостатки,,0,,0.00,
shop-script прикрепить картинки к товару,,0,,0.00,
shop-script пример создания собственной темы,,0,,0.00,
shop-script примеры,,0,,0.00,
shop-script примеры сайтов,,0,,0.00,
shop-script промо блоки,,0,,0.00,
shop-script промо карточки,,0,,0.00,
shop-script пункты выдачи,,0,,0.00,
shop-script регистрация,,0,,0.00,
shop-script редактирование цен,,0,,0.00,
shop-script редактирование цен без админки,,0,,0.00,
shop-script редактировать vty,,0,,0.00,
shop-script редактирывание цен,,0,,0.00,
shop-script рейтинг движков,,0,,0.00,
shop-script руководство пользователя,,0,,0.00,
shop-script сдэк,,0,,0.00,
shop-script сколько стоит,,0,,0.00,
shop-script слайдер промо-карточки,,0,,0.00,
shop-script сниппеты,,0,,0.00,
shop-script список товаров,,0,,0.00,
shop-script тема шопинг,,0,,0.00,
shop-script удалить артикулы с несуществующими характеристиками,,0,,0.00,
shop-script управление прикрепленными файлами,,0,,0.00,
shop-script условие только на категории,,0,,0.00,
shop-script фави иконка,,0,,0.00,
shop-script фавикон,,0,,0.00,
shop-script файл менеджер раздела shop,,0,,0.00,
shop-script форма обратной связи,,0,,0.00,
shop-script форма связи телефон,,0,,0.00,
shop-script херня,,0,,0.00,
shop-script центр заказчика,,0,,0.00,
shop-script что такое bb,,0,,0.00,
shop-script это,,0,,0.00,
shop-script.ru api,,0,,0.00,
shop-script.ru robot.txt,,0,,0.00,
shop-script.ru главная страница,,0,,0.00,
shop-script.ru или cs-cart.ru,,0,,0.00,
shop-scripts.ru,,0,,0.00,
shop.palaceskateboards script,,0,,0.00,
shop_script кастомизация шаблона,,0,,0.00,
shopping 1994 script,,0,,0.00,
shopping script demo font,,0,,0.00,
shopping script demo font download,,0,,0.00,
shopping script font download,,0,,0.00,
shopping script font online,,0,,0.00,
simple php shopping cart script,,0,,0.00,
site script shop,,0,,0.00,
site script-shop.ru,,0,,0.00,
site www.shop-script.ru filetype txt,,0,,0.00,
sitemap для shop script 7,,0,,0.00,
sitemap для картинок shop script,,0,,0.00,
sitemap один раз в месяц shop script,,0,,0.00,
sombra shop script,,0,,0.00,
sql script database online shop,,0,,0.00,
sql script database online shop git hub,,0,,0.00,
steam shop key php paypal keys script,,0,,0.00,
supreme shop script,,0,,0.00,
syntax error in template shop script,,0,,0.00,
syntax error in template smarty shop script,,0,,0.00,
tcgkfnyst if kjys lkz shop script,,0,,0.00,
the cheese shop sketch monty python script,,0,,0.00,
theme custom not found code 500 shop script,,0,,0.00,
theme custom not found code 500 shop script что делать,,0,,0.00,
theme_id shop script,,0,,0.00,
top online shop scripts 2017,,0,,0.00,
umi cms против shop script,,0,,0.00,
unit 16 a shopping list script,,0,,0.00,
unity3d script shop,,0,,0.00,
wa domain shop-script,,0,,0.00,
wa domain url shop-script,,0,,0.00,
wa domain гкд shop-script,,0,,0.00,
wa post shop script,,0,,0.00,
wamailmessage shop script,,0,,0.00,
waviewhelper доступные методы shop script,,0,,0.00,
web assembly shop script,,0,,0.00,
web script fps game online shop,,0,,0.00,
webasyst shop script 5 6 7,,0,,0.00,
webasyst shop script 5 nulled,,0,,0.00,
webasyst shop script api,,0,,0.00,
webasyst shop script autoload custom class,,0,,0.00,
webasyst shop script восстановление пароля,,0,,0.00,
webasyst shop script отключить покупку,,0,,0.00,
webasyst shop script хуки,,0,,0.00,
webasyst shop-script 309,,0,,0.00,
webasyst shop-script 4,,0,,0.00,
webasyst shop-script 5 54-фз,,0,,0.00,
webasyst shop-script 8,,0,,0.00,
webasyst shop-script demo,,0,,0.00,
webasyst shop-script install путь,,0,,0.00,
webasyst shop-script published installer,,0,,0.00,
webasyst shop-script published login.php install,,0,,0.00,
webasyst shop-script yml,,0,,0.00,
webasyst shop-script админка,,0,,0.00,
webasyst shop-script вход в админку,,0,,0.00,
webasyst shop-script документация,,0,,0.00,
webasyst shop-script изменить тему,,0,,0.00,
webasyst shop-script как подключить робокассу,,0,,0.00,
webasyst shop-script настройка городов,,0,,0.00,
webasyst shop-script не отображается изминение кода,,0,,0.00,
webasyst shop-script не работает сброс пароля,,0,,0.00,
webasyst shop-script очистить кеш,,0,,0.00,
webasyst shop-script создание,,0,,0.00,
webasyst shop-script форум,,0,,0.00,
webasyst shop-script шаблоны бесплатно,,0,,0.00,
webasyst как добавить акцию в shop-script,,0,,0.00,
webasyst характеристика товара в shop-script и ее размерность,,0,,0.00,
whatsapp shop script,,0,,0.00,
www shop.promisegroup.ru published sc html scripts modules test class.test.php,,0,,0.00,
your current affiliate bonus shop-script,,0,,0.00,
автоматическое обновление цены shop script,,0,,0.00,
аналоги shop script,,0,,0.00,
база данных для теста на shop script,,0,,0.00,
банеры в shop-script,,0,,0.00,
бекенде shop-script в разделе импорт экспорт,,0,,0.00,
бекенде shop-script раздел импорт экспорт,,0,,0.00,
биржа shop script,,0,,0.00,
биржа разработка shop script,,0,,0.00,
битрикс24 shop-script,,0,,0.00,
в админке надпись нет лицензии shop script,,0,,0.00,
в адмнке надпись нет лицензии shop script,,0,,0.00,
верстка темы shop-script,,0,,0.00,
верхнего меню shop script цвет текста,,0,,0.00,
водяной знак shop script,,0,,0.00,
войти shop-script 7,,0,,0.00,
вы сделать отображение промо карточки в shop-script,,0,,0.00,
вы сделать отображение промокарточки в shop-script,,0,,0.00,
выбор города shop script,,0,,0.00,
выбор уведомления при смене статуса заказа shop script,,0,,0.00,
вывести производителей в shop script,,0,,0.00,
вывод каталога на главной странице shop script,,0,,0.00,
выгодная покупка тема для shop script 7,,0,,0.00,
выгрузить базу покупателей движок shop script lego edition,,0,,0.00,
где в shop script kt fn zpsrjdst afqks,,0,,0.00,
где в shop script лежит файл cfg connect.inc.php,,0,,0.00,
где в shop script страница product.html,,0,,0.00,
где найти файл php.ini в shop script,,0,,0.00,
где находиться плагин спецпредложений на сайте shop script,,0,,0.00,
где редактируется страница контакты shop script,,0,,0.00,
где скачать шаблоны shop-script,,0,,0.00,
где узнать версию shop script,,0,,0.00,
группировка характеристик для shop-script,,0,,0.00,
движок shop script 7,,0,,0.00,
движок shop script lego edition,,0,,0.00,
движок сайта shop script,,0,,0.00,
динамические цены на shop script через api,,0,,0.00,
для shop-script,,0,,0.00,
для чего нужен виджет купить в shop script,,0,,0.00,
добавить класс в теме shop-script 7,,0,,0.00,
добавление промокарточек на сайт в раздел акций через shop-script 7,,0,,0.00,
добавление промокарточек на сайт в раздел акцийчерез shop-script 7,,0,,0.00,
добавление промокарточек на сайт через shop-script 7,,0,,0.00,
добавление счетчика яндекса в shop script 7,,0,,0.00,
доработки по shop script,,0,,0.00,
загрузка прайсов в shop script,,0,,0.00,
заказы с shop script в 1с ут 11,,0,,0.00,
защита от изменений файлов shop script,,0,,0.00,
изображение в списке новостей shop script,,0,,0.00,
импорт shop script,,0,,0.00,
импорт xml файла в shop script,,0,,0.00,
импорт товаров shop script,,0,,0.00,
индикатор ожидания подтверждения заказа shop-script,,0,,0.00,
интеграции поставщиков с shop-script,,0,,0.00,
интеграция shop script в wix,,0,,0.00,
интеграция битрикс и shop-script,,0,,0.00,
интеграция шаблона в shop script,,0,,0.00,
интернет магазин группа вконтакте shop script,,0,,0.00,
интернет-магазин мебель ювитаwebasyst shop-script,,0,,0.00,
информация об оплате и доставке shop script,,0,,0.00,
как адаптировать сайт для мобильной версии через shop script,,0,,0.00,
как адаптировать страницу товара на сайте под мобильное устройство shop-script,,0,,0.00,
как в shop-script изменить гугл карты на яндекс карты,,0,,0.00,
как в shop-script сменить гугл карты на яндекс карты,,0,,0.00,
как включить регитсрацию в shop-script,,0,,0.00,
как вставить политику обработки персональных данных webasyst shop script,,0,,0.00,
как выложить акцию на сайт через shop-script 7,,0,,0.00,
как выложить акцию с помощью shop script 7,,0,,0.00,
как выложить спецпредложение shop script,,0,,0.00,
как делать описания под фото для интернет магазина shop script,,0,,0.00,
как добавить дополнительную характеристику во все карточки товара shop-script,,0,,0.00,
как добавить на сайт акцию через shop-script 7,,0,,0.00,
как добавить утп в карточку товара shop-script,,0,,0.00,
как дополнить стили css в shop script тема гипермаркет,,0,,0.00,
как загрузить спец предложение shop script,,0,,0.00,
как загрузить спецпредложение shop script,,0,,0.00,
как зайти в https www.shop-script.ru,,0,,0.00,
как изменить подпись в скриптах shop script,,0,,0.00,
как натянуть html на shop-script,,0,,0.00,
как обновить движок shop script,,0,,0.00,
как отключить отзывы shop script,,0,,0.00,
как перевести shop script 7 на https,,0,,0.00,
как перевести shop script 7 на https yandex,,0,,0.00,
как переключить витрину с русского языка на английский shop script,,0,,0.00,
как подогнать шаблон к shop script,,0,,0.00,
как пользоваться shop-script,,0,,0.00,
как прикрепить наклейку к товару shop-script,,0,,0.00,
как редактировать другую страницу на которую сделал ссылку в shop-script,,0,,0.00,
как редактировать сайт с помощью shop script,,0,,0.00,
как сделать активным спецпредложение shop-script,,0,,0.00,
как сделать действующее спецпредложение shop script,,0,,0.00,
как сделать отображение промо карточки в shop-script,,0,,0.00,
как сменить логин и пароль в админку shop-script,,0,,0.00,
как создание интернет магазина на shop script,,0,,0.00,
как создать сайт с помощью shop-script,,0,,0.00,
как тановить яндекс метрику на shop script,,0,,0.00,
как убрать обязательные поля в форме регистрации shop-script premium,,0,,0.00,
как установить shop-script,,0,,0.00,
как установить shop-script на reg.ru,,0,,0.00,
как установка shop script на сервер,,0,,0.00,
какие файлы отправки формы заказа webasyst shop script,,0,,0.00,
капча на восстановление пароля shop script,,0,,0.00,
картинка категории shop script,,0,,0.00,
картинкаи для категорий shop script 7,,0,,0.00,
картинки в списке записей блога shop script,,0,,0.00,
картинки для категорий shop script 7,,0,,0.00,
касса 54 фз на shop-script,,0,,0.00,
киберпонедельник shop script,,0,,0.00,
код яндекс метрики на shop-script куда разместить,,0,,0.00,
козина для shop-script,,0,,0.00,
количество категорий в shop script,,0,,0.00,
конструктор форм shop-script,,0,,0.00,
контент-менеджер shop-script,,0,,0.00,
корзина для shop-script,,0,,0.00,
купить в кредит плагин shop-script,,0,,0.00,
лег сайт при обновлении shop script,,0,,0.00,
легкость установки shop-script,,0,,0.00,
лист доставки shop script 5,,0,,0.00,
лист доставки shop script 7,,0,,0.00,
логи shop script,,0,,0.00,
логотип сайта shop-script,,0,,0.00,
магазин вконтакте shop-script,,0,,0.00,
магазин цифровых товаров script-shop.ru,,0,,0.00,
максимальное количество категорий в shop script,,0,,0.00,
максимальное количество товаров в shop-script,,0,,0.00,
массово обновлять цены shop script,,0,,0.00,
многосайтовость shop script,,0,,0.00,
мобилное приложение shop-script,,0,,0.00,
мобильное меню в shop script 7,,0,,0.00,
мобильное приложение shop script,,0,,0.00,
модуль для shop script 6 скачать,,0,,0.00,
модуль для shop script 6 скачать бесплатно,,0,,0.00,
модульдоставка для shop script 6 скачать,,0,,0.00,
можно ли перенести данные с сайта shop script на ukit,,0,,0.00,
мультизаголовок shop-script,,0,,0.00,
наполнение сайта shop script,,0,,0.00,
настраиваем shop-script 7 в облаке webasyst,,0,,0.00,
настройка почты shop script,,0,,0.00,
настройка триггерных сообщений shop script,,0,,0.00,
настройка фильтров shop script,,0,,0.00,
не видит файл home.html в теме shop script,,0,,0.00,
обложка новости shop script,,0,,0.00,
обмен товарами с сайтом 1c shop script,,0,,0.00,
обмен товарами с сайтом 1с shop script,,0,,0.00,
обновление shop script,,0,,0.00,
обновление shop script 7,,0,,0.00,
обновление shop script 7.2.0.102,,0,,0.00,
обновление остатков в shop script,,0,,0.00,
обнулить остаток отсутсвующих в 1с товаров в shop script,,0,,0.00,
обнулить остаток отсутствующих в 1с товаров в shop script,,0,,0.00,
описание shop script 5,,0,,0.00,
описание базы данных cms shop script,,0,,0.00,
оставить отзыв о сайте shop script,,0,,0.00,
отзывы shop script строка сайт,,0,,0.00,
отзывы shop-script,,0,,0.00,
отзывы shop-script 20161,,0,,0.00,
отзывы о shop-script,,0,,0.00,
ошибка 0 shop script,,0,,0.00,
ошибка 0 при входе в админку shop script,,0,,0.00,
ошибка 0 при входе на сайт shop script,,0,,0.00,
ошибка 601 shop script,,0,,0.00,
ошибка в файле settings features shop script,,0,,0.00,
ошибка в файле settingsfeatures shop script,,0,,0.00,
ошибка при открытии типы и характеристики товаров shop script 7,,0,,0.00,
переменные и модификаторы seo shop script примеры,,0,,0.00,
перенос opencart to shop script,,0,,0.00,
перенос данных simpla на shop-script,,0,,0.00,
перенос с joomla на shop-script 7,,0,,0.00,
перестал работать плагин обновление из прайсов поставщиков shop script 7,,0,,0.00,
перестал работать плагин сдек shop script,,0,,0.00,
переход на shop script,,0,,0.00,
переход от vamshop на shop-script,,0,,0.00,
переход с opencart на shop script скрипт,,0,,0.00,
пиложение магазина на shop script,,0,,0.00,
пишем плагин для shop script,,0,,0.00,
плагин instagram для shop-script,,0,,0.00,
плагин instagram для shop-script скачать бесплатно,,0,,0.00,
плагин shop script,,0,,0.00,
плагин shop script re plain,,0,,0.00,
плагин shop script re plain переместить иконку,,0,,0.00,
плагин shop script repair,,0,,0.00,
плагин для shop script 6 скачать,,0,,0.00,
плагин мультиязычности shop script,,0,,0.00,
плагин оставить отзыв о сайте shop script,,0,,0.00,
плагин сео-фильтр для shop-script webasyst,,0,,0.00,
плагин сео-фильтр для shop-script webasyst цена,,0,,0.00,
плагин сео-фильтр для shop-script webasyst ценаwty,,0,,0.00,
плагин электронная коммерция shop script,,0,,0.00,
плагины shop script 7,,0,,0.00,
плагины shop-script,,0,,0.00,
плагины для shop script,,0,,0.00,
плагины установки кодов для для shop-script,,0,,0.00,
плагины установки кодов отслеживания для для shop-script,,0,,0.00,
поддержка shop script,,0,,0.00,
подключение 1с унф к shop script,,0,,0.00,
подключить наложенный платеж к shop-script,,0,,0.00,
подключить несколько доставок к shop-script,,0,,0.00,
поиск по покупателям shop script,,0,,0.00,
покупка в 1 клик для shop-script как установить,,0,,0.00,
поле sku отсутствует search console shop script 7,,0,,0.00,
поле sku отсутствует shop script 7,,0,,0.00,
почему не импортировались характеристики товаров shop script,,0,,0.00,
пошаговое обучение shop script,,0,,0.00,
прайс лист в shop script,,0,,0.00,
прикрепить файл к товару shop script,,0,,0.00,
приложение shop script отзывы,,0,,0.00,
приложение shop-script,,0,,0.00,
примеры заполнения плагина seo-оптимизация shop-script,,0,,0.00,
примеры сайтов на shop script,,0,,0.00,
программа для загрузки прайсов на сайт shop script,,0,,0.00,
простая накладная для shop-script,,0,,0.00,
работа с хелперами shop script,,0,,0.00,
работают на основе shop-script,,0,,0.00,
разместить интернет магазин shop-script в vk,,0,,0.00,
рассылки почты shop script,,0,,0.00,
редактирование цен в интернет магазине shop-script,,0,,0.00,
редирект на 404 htaccess shop script,,0,,0.00,
результаты фильтра не сохранились shop script,,0,,0.00,
реферальная система shop script,,0,,0.00,
сайты на shop-script,,0,,0.00,
сбор номеров телефонов shop script,,0,,0.00,
сделать тему из вёрстки webasyst shop script,,0,,0.00,
сделать тему из вёрстки webasyst shop script цена,,0,,0.00,
скачать shop script 8,,0,,0.00,
скачать shop-script 6,,0,,0.00,
скачать shop-script 7 nulled,,0,,0.00,
скачать shop-script бесплатно,,0,,0.00,
скачать базу для shop script,,0,,0.00,
скачать бесплатно темы shop script webasyst,,0,,0.00,
скачать бесплатно шаблоны для webasyst shop-script,,0,,0.00,
скачать пробную базу для shop script,,0,,0.00,
слетела лицензия темы shop script,,0,,0.00,
создание личного кабинета shop script,,0,,0.00,
создать клон темы shop script,,0,,0.00,
создать прайс в shop script,,0,,0.00,
сравнение 1c-bitrix umi.cms hostcms insales rugento shop-script,,0,,0.00,
сравнение cms 2017 shop script,,0,,0.00,
сравнение cs-cart и shop-script,,0,,0.00,
сравнение shop script и opencart,,0,,0.00,
статистика действий flvbybcnhfnjhf в shop script,,0,,0.00,
статистика действий администратора в shop script,,0,,0.00,
статистика действий в shop script,,0,,0.00,
страна по умолчанию shop script,,0,,0.00,
страницв контакты shop script,,0,,0.00,
тариф shop script 7,,0,,0.00,
тариф плю на shop script,,0,,0.00,
тариф плюс на shop script 7,,0,,0.00,
теги и мета теги отличия shop script,,0,,0.00,
тема topshop для shop-script,,0,,0.00,
тема topshop для shop-script английский язык,,0,,0.00,
темы shop script,,0,,0.00,
темы дизайна shop-script,,0,,0.00,
темы для shop script 7,,0,,0.00,
темы для shop-script,,0,,0.00,
темы для shop-script 7,,0,,0.00,
техническая поддержка shop-script,,0,,0.00,
товар с выбором параметра яндекс маркет shop script,,0,,0.00,
товарный чек для shop script,,0,,0.00,
три уровня меню в шаблоне дефолт 3.0 shop script,,0,,0.00,
убрать вкладку описание в shop-script,,0,,0.00,
убрать описание товара в shop-script,,0,,0.00,
убрать приложение сайт shop script,,0,,0.00,
умный плагин shop script,,0,,0.00,
ускорение сайта shop-script,,0,,0.00,
установила на телефон shop-script,,0,,0.00,
установила на телефон shop-script не могу добавить магазин,,0,,0.00,
установка shop-script 5,,0,,0.00,
установка размера продукта в каталоге shop script,,0,,0.00,
установка яндекс метрики shop script,,0,,0.00,
файл saitmap для shop-script,,0,,0.00,
фиксированная сумма доставки к shop-script,,0,,0.00,
фиксированное меню shop script,,0,,0.00,
фильтр shop script,,0,,0.00,
фильтр для покупателей купивших товар shop script,,0,,0.00,
фильтр нескольких shop script,,0,,0.00,
фильтр покупателей shop script,,0,,0.00,
фильтрация в script shop 7,,0,,0.00,
фильтрация в shop script,,0,,0.00,
характеристики товаров script shop 7,,0,,0.00,
хуки webasyst shop script,,0,,0.00,
цены через api shop script,,0,,0.00,
цифровая торговля в shop script,,0,,0.00,
что нового в shop script 8,,0,,0.00,
шаблон shop script 5,,0,,0.00,
шаблоны shop script 5,,0,,0.00,
шаблоны shop script 7,,0,,0.00,
шаблоны продукты для shop-script,,0,,0.00,
шаблоны фруктов для shop-script,,0,,0.00,
шаюлон для shop-script,,0,,0.00,
эскизы в категориях разные shop script,,0,,0.00,
эскизы в списках разные shop script,,0,,0.00,
эскизы товаров разные shop script,,0,,0.00,
яндекс касс shop script,,0,,0.00,
яндекс маркет shop script,,0,,0.00,
яндекс не видит мета-тег description в shop script 7,,0,,0.00,
яндекс не видит мета-тег description в shop script 7&,,0,,0.00,
